Month,Passengers
1995-01-01,112.0
1995-01-02,112.19354838709677
1995-01-03,112.38709677419355
1995-01-04,112.58064516129032
1995-01-05,112.7741935483871
1995-01-06,112.96774193548387
1995-01-07,113.16129032258064
1995-01-08,113.35483870967742
1995-01-09,113.54838709677419
1995-01-10,113.74193548387096
1995-01-11,113.93548387096774
1995-01-12,114.12903225806451
1995-01-13,114.3225806451613
1995-01-14,114.51612903225806
1995-01-15,114.70967741935483
1995-01-16,114.90322580645162
1995-01-17,115.09677419354838
1995-01-18,115.29032258064517
1995-01-19,115.48387096774194
1995-01-20,115.6774193548387
1995-01-21,115.87096774193549
1995-01-22,116.06451612903226
1995-01-23,116.25806451612902
1995-01-24,116.45161290322581
1995-01-25,116.64516129032258
1995-01-26,116.83870967741936
1995-01-27,117.03225806451613
1995-01-28,117.2258064516129
1995-01-29,117.41935483870968
1995-01-30,117.61290322580645
1995-01-31,117.80645161290323
1995-02-01,118.0
1995-02-02,118.5
1995-02-03,119.0
1995-02-04,119.5
1995-02-05,120.0
1995-02-06,120.5
1995-02-07,121.0
1995-02-08,121.5
1995-02-09,122.0
1995-02-10,122.5
1995-02-11,123.0
1995-02-12,123.5
1995-02-13,124.0
1995-02-14,124.5
1995-02-15,125.0
1995-02-16,125.5
1995-02-17,126.0
1995-02-18,126.5
1995-02-19,127.0
1995-02-20,127.5
1995-02-21,128.0
1995-02-22,128.5
1995-02-23,129.0
1995-02-24,129.5
1995-02-25,130.0
1995-02-26,130.5
1995-02-27,131.0
1995-02-28,131.5
1995-03-01,132.0
1995-03-02,131.90322580645162
1995-03-03,131.80645161290323
1995-03-04,131.70967741935485
1995-03-05,131.61290322580646
1995-03-06,131.51612903225808
1995-03-07,131.41935483870967
1995-03-08,131.32258064516128
1995-03-09,131.2258064516129
1995-03-10,131.1290322580645
1995-03-11,131.03225806451613
1995-03-12,130.93548387096774
1995-03-13,130.83870967741936
1995-03-14,130.74193548387098
1995-03-15,130.6451612903226
1995-03-16,130.5483870967742
1995-03-17,130.4516129032258
1995-03-18,130.3548387096774
1995-03-19,130.25806451612902
1995-03-20,130.16129032258064
1995-03-21,130.06451612903226
1995-03-22,129.96774193548387
1995-03-23,129.8709677419355
1995-03-24,129.7741935483871
1995-03-25,129.67741935483872
1995-03-26,129.58064516129033
1995-03-27,129.48387096774192
1995-03-28,129.38709677419354
1995-03-29,129.29032258064515
1995-03-30,129.19354838709677
1995-03-31,129.09677419354838
1995-04-01,129.0
1995-04-02,128.73333333333332
1995-04-03,128.46666666666667
1995-04-04,128.2
1995-04-05,127.93333333333334
1995-04-06,127.66666666666667
1995-04-07,127.4
1995-04-08,127.13333333333334
1995-04-09,126.86666666666666
1995-04-10,126.6
1995-04-11,126.33333333333333
1995-04-12,126.06666666666666
1995-04-13,125.8
1995-04-14,125.53333333333333
1995-04-15,125.26666666666667
1995-04-16,125.0
1995-04-17,124.73333333333333
1995-04-18,124.46666666666667
1995-04-19,124.2
1995-04-20,123.93333333333334
1995-04-21,123.66666666666667
1995-04-22,123.4
1995-04-23,123.13333333333334
1995-04-24,122.86666666666667
1995-04-25,122.6
1995-04-26,122.33333333333333
1995-04-27,122.06666666666666
1995-04-28,121.8
1995-04-29,121.53333333333333
1995-04-30,121.26666666666667
1995-05-01,121.0
1995-05-02,121.45161290322581
1995-05-03,121.90322580645162
1995-05-04,122.35483870967742
1995-05-05,122.80645161290323
1995-05-06,123.25806451612902
1995-05-07,123.70967741935483
1995-05-08,124.16129032258064
1995-05-09,124.61290322580645
1995-05-10,125.06451612903226
1995-05-11,125.51612903225806
1995-05-12,125.96774193548387
1995-05-13,126.41935483870968
1995-05-14,126.87096774193549
1995-05-15,127.3225806451613
1995-05-16,127.7741935483871
1995-05-17,128.2258064516129
1995-05-18,128.67741935483872
1995-05-19,129.1290322580645
1995-05-20,129.58064516129033
1995-05-21,130.03225806451613
1995-05-22,130.48387096774195
1995-05-23,130.93548387096774
1995-05-24,131.38709677419354
1995-05-25,131.83870967741936
1995-05-26,132.29032258064515
1995-05-27,132.74193548387098
1995-05-28,133.19354838709677
1995-05-29,133.6451612903226
1995-05-30,134.09677419354838
1995-05-31,134.5483870967742
1995-06-01,135.0
1995-06-02,135.43333333333334
1995-06-03,135.86666666666667
1995-06-04,136.3
1995-06-05,136.73333333333332
1995-06-06,137.16666666666666
1995-06-07,137.6
1995-06-08,138.03333333333333
1995-06-09,138.46666666666667
1995-06-10,138.9
1995-06-11,139.33333333333334
1995-06-12,139.76666666666668
1995-06-13,140.2
1995-06-14,140.63333333333333
1995-06-15,141.06666666666666
1995-06-16,141.5
1995-06-17,141.93333333333334
1995-06-18,142.36666666666667
1995-06-19,142.8
1995-06-20,143.23333333333335
1995-06-21,143.66666666666666
1995-06-22,144.1
1995-06-23,144.53333333333333
1995-06-24,144.96666666666667
1995-06-25,145.4
1995-06-26,145.83333333333334
1995-06-27,146.26666666666668
1995-06-28,146.7
1995-06-29,147.13333333333333
1995-06-30,147.56666666666666
1995-07-01,148.0
1995-07-02,148.0
1995-07-03,148.0
1995-07-04,148.0
1995-07-05,148.0
1995-07-06,148.0
1995-07-07,148.0
1995-07-08,148.0
1995-07-09,148.0
1995-07-10,148.0
1995-07-11,148.0
1995-07-12,148.0
1995-07-13,148.0
1995-07-14,148.0
1995-07-15,148.0
1995-07-16,148.0
1995-07-17,148.0
1995-07-18,148.0
1995-07-19,148.0
1995-07-20,148.0
1995-07-21,148.0
1995-07-22,148.0
1995-07-23,148.0
1995-07-24,148.0
1995-07-25,148.0
1995-07-26,148.0
1995-07-27,148.0
1995-07-28,148.0
1995-07-29,148.0
1995-07-30,148.0
1995-07-31,148.0
1995-08-01,148.0
1995-08-02,147.61290322580646
1995-08-03,147.2258064516129
1995-08-04,146.83870967741936
1995-08-05,146.4516129032258
1995-08-06,146.06451612903226
1995-08-07,145.67741935483872
1995-08-08,145.29032258064515
1995-08-09,144.90322580645162
1995-08-10,144.51612903225808
1995-08-11,144.1290322580645
1995-08-12,143.74193548387098
1995-08-13,143.3548387096774
1995-08-14,142.96774193548387
1995-08-15,142.58064516129033
1995-08-16,142.19354838709677
1995-08-17,141.80645161290323
1995-08-18,141.41935483870967
1995-08-19,141.03225806451613
1995-08-20,140.6451612903226
1995-08-21,140.25806451612902
1995-08-22,139.8709677419355
1995-08-23,139.48387096774195
1995-08-24,139.09677419354838
1995-08-25,138.70967741935485
1995-08-26,138.32258064516128
1995-08-27,137.93548387096774
1995-08-28,137.5483870967742
1995-08-29,137.16129032258064
1995-08-30,136.7741935483871
1995-08-31,136.38709677419354
1995-09-01,136.0
1995-09-02,135.43333333333334
1995-09-03,134.86666666666667
1995-09-04,134.3
1995-09-05,133.73333333333332
1995-09-06,133.16666666666666
1995-09-07,132.6
1995-09-08,132.03333333333333
1995-09-09,131.46666666666667
1995-09-10,130.9
1995-09-11,130.33333333333334
1995-09-12,129.76666666666668
1995-09-13,129.2
1995-09-14,128.63333333333333
1995-09-15,128.06666666666666
1995-09-16,127.5
1995-09-17,126.93333333333334
1995-09-18,126.36666666666667
1995-09-19,125.8
1995-09-20,125.23333333333333
1995-09-21,124.66666666666667
1995-09-22,124.1
1995-09-23,123.53333333333333
1995-09-24,122.96666666666667
1995-09-25,122.4
1995-09-26,121.83333333333333
1995-09-27,121.26666666666667
1995-09-28,120.7
1995-09-29,120.13333333333333
1995-09-30,119.56666666666666
1995-10-01,119.0
1995-10-02,118.51612903225806
1995-10-03,118.03225806451613
1995-10-04,117.54838709677419
1995-10-05,117.06451612903226
1995-10-06,116.58064516129032
1995-10-07,116.09677419354838
1995-10-08,115.61290322580645
1995-10-09,115.12903225806451
1995-10-10,114.64516129032258
1995-10-11,114.16129032258064
1995-10-12,113.6774193548387
1995-10-13,113.19354838709677
1995-10-14,112.70967741935483
1995-10-15,112.2258064516129
1995-10-16,111.74193548387098
1995-10-17,111.25806451612902
1995-10-18,110.7741935483871
1995-10-19,110.29032258064515
1995-10-20,109.80645161290323
1995-10-21,109.3225806451613
1995-10-22,108.83870967741936
1995-10-23,108.35483870967742
1995-10-24,107.87096774193549
1995-10-25,107.38709677419355
1995-10-26,106.90322580645162
1995-10-27,106.41935483870968
1995-10-28,105.93548387096774
1995-10-29,105.45161290322581
1995-10-30,104.96774193548387
1995-10-31,104.48387096774194
1995-11-01,104.0
1995-11-02,104.46666666666667
1995-11-03,104.93333333333334
1995-11-04,105.4
1995-11-05,105.86666666666666
1995-11-06,106.33333333333333
1995-11-07,106.8
1995-11-08,107.26666666666667
1995-11-09,107.73333333333333
1995-11-10,108.2
1995-11-11,108.66666666666667
1995-11-12,109.13333333333334
1995-11-13,109.6
1995-11-14,110.06666666666666
1995-11-15,110.53333333333333
1995-11-16,111.0
1995-11-17,111.46666666666667
1995-11-18,111.93333333333334
1995-11-19,112.4
1995-11-20,112.86666666666667
1995-11-21,113.33333333333333
1995-11-22,113.8
1995-11-23,114.26666666666667
1995-11-24,114.73333333333333
1995-11-25,115.2
1995-11-26,115.66666666666667
1995-11-27,116.13333333333333
1995-11-28,116.6
1995-11-29,117.06666666666666
1995-11-30,117.53333333333333
1995-12-01,118.0
1995-12-02,117.90322580645162
1995-12-03,117.80645161290323
1995-12-04,117.70967741935483
1995-12-05,117.61290322580645
1995-12-06,117.51612903225806
1995-12-07,117.41935483870968
1995-12-08,117.3225806451613
1995-12-09,117.2258064516129
1995-12-10,117.12903225806451
1995-12-11,117.03225806451613
1995-12-12,116.93548387096774
1995-12-13,116.83870967741936
1995-12-14,116.74193548387096
1995-12-15,116.64516129032258
1995-12-16,116.54838709677419
1995-12-17,116.45161290322581
1995-12-18,116.35483870967742
1995-12-19,116.25806451612904
1995-12-20,116.16129032258064
1995-12-21,116.06451612903226
1995-12-22,115.96774193548387
1995-12-23,115.87096774193549
1995-12-24,115.7741935483871
1995-12-25,115.6774193548387
1995-12-26,115.58064516129032
1995-12-27,115.48387096774194
1995-12-28,115.38709677419355
1995-12-29,115.29032258064517
1995-12-30,115.19354838709677
1995-12-31,115.09677419354838
1996-01-01,115.0
1996-01-02,115.35483870967742
1996-01-03,115.70967741935483
1996-01-04,116.06451612903226
1996-01-05,116.41935483870968
1996-01-06,116.7741935483871
1996-01-07,117.12903225806451
1996-01-08,117.48387096774194
1996-01-09,117.83870967741936
1996-01-10,118.19354838709677
1996-01-11,118.54838709677419
1996-01-12,118.90322580645162
1996-01-13,119.25806451612902
1996-01-14,119.61290322580645
1996-01-15,119.96774193548387
1996-01-16,120.3225806451613
1996-01-17,120.6774193548387
1996-01-18,121.03225806451613
1996-01-19,121.38709677419355
1996-01-20,121.74193548387098
1996-01-21,122.09677419354838
1996-01-22,122.45161290322581
1996-01-23,122.80645161290323
1996-01-24,123.16129032258064
1996-01-25,123.51612903225806
1996-01-26,123.87096774193549
1996-01-27,124.2258064516129
1996-01-28,124.58064516129032
1996-01-29,124.93548387096774
1996-01-30,125.29032258064517
1996-01-31,125.64516129032258
1996-02-01,126.0
1996-02-02,126.51724137931035
1996-02-03,127.03448275862068
1996-02-04,127.55172413793103
1996-02-05,128.06896551724137
1996-02-06,128.58620689655172
1996-02-07,129.10344827586206
1996-02-08,129.6206896551724
1996-02-09,130.13793103448276
1996-02-10,130.6551724137931
1996-02-11,131.17241379310346
1996-02-12,131.68965517241378
1996-02-13,132.20689655172413
1996-02-14,132.72413793103448
1996-02-15,133.24137931034483
1996-02-16,133.75862068965517
1996-02-17,134.27586206896552
1996-02-18,134.79310344827587
1996-02-19,135.31034482758622
1996-02-20,135.82758620689654
1996-02-21,136.3448275862069
1996-02-22,136.86206896551724
1996-02-23,137.3793103448276
1996-02-24,137.89655172413794
1996-02-25,138.41379310344828
1996-02-26,138.93103448275863
1996-02-27,139.44827586206895
1996-02-28,139.9655172413793
1996-02-29,140.48275862068965
1996-03-01,141.0
1996-03-02,140.80645161290323
1996-03-03,140.61290322580646
1996-03-04,140.41935483870967
1996-03-05,140.2258064516129
1996-03-06,140.03225806451613
1996-03-07,139.83870967741936
1996-03-08,139.6451612903226
1996-03-09,139.4516129032258
1996-03-10,139.25806451612902
1996-03-11,139.06451612903226
1996-03-12,138.8709677419355
1996-03-13,138.67741935483872
1996-03-14,138.48387096774192
1996-03-15,138.29032258064515
1996-03-16,138.09677419354838
1996-03-17,137.90322580645162
1996-03-18,137.70967741935485
1996-03-19,137.51612903225808
1996-03-20,137.32258064516128
1996-03-21,137.1290322580645
1996-03-22,136.93548387096774
1996-03-23,136.74193548387098
1996-03-24,136.5483870967742
1996-03-25,136.3548387096774
1996-03-26,136.16129032258064
1996-03-27,135.96774193548387
1996-03-28,135.7741935483871
1996-03-29,135.58064516129033
1996-03-30,135.38709677419354
1996-03-31,135.19354838709677
1996-04-01,135.0
1996-04-02,134.66666666666666
1996-04-03,134.33333333333334
1996-04-04,134.0
1996-04-05,133.66666666666666
1996-04-06,133.33333333333334
1996-04-07,133.0
1996-04-08,132.66666666666666
1996-04-09,132.33333333333334
1996-04-10,132.0
1996-04-11,131.66666666666666
1996-04-12,131.33333333333334
1996-04-13,131.0
1996-04-14,130.66666666666666
1996-04-15,130.33333333333334
1996-04-16,130.0
1996-04-17,129.66666666666666
1996-04-18,129.33333333333334
1996-04-19,129.0
1996-04-20,128.66666666666666
1996-04-21,128.33333333333334
1996-04-22,128.0
1996-04-23,127.66666666666667
1996-04-24,127.33333333333333
1996-04-25,127.0
1996-04-26,126.66666666666667
1996-04-27,126.33333333333333
1996-04-28,126.0
1996-04-29,125.66666666666667
1996-04-30,125.33333333333333
1996-05-01,125.0
1996-05-02,125.7741935483871
1996-05-03,126.54838709677419
1996-05-04,127.3225806451613
1996-05-05,128.09677419354838
1996-05-06,128.8709677419355
1996-05-07,129.6451612903226
1996-05-08,130.41935483870967
1996-05-09,131.19354838709677
1996-05-10,131.96774193548387
1996-05-11,132.74193548387098
1996-05-12,133.51612903225805
1996-05-13,134.29032258064515
1996-05-14,135.06451612903226
1996-05-15,135.83870967741936
1996-05-16,136.61290322580646
1996-05-17,137.38709677419354
1996-05-18,138.16129032258064
1996-05-19,138.93548387096774
1996-05-20,139.70967741935485
1996-05-21,140.48387096774195
1996-05-22,141.25806451612902
1996-05-23,142.03225806451613
1996-05-24,142.80645161290323
1996-05-25,143.5806451612903
1996-05-26,144.3548387096774
1996-05-27,145.1290322580645
1996-05-28,145.90322580645162
1996-05-29,146.67741935483872
1996-05-30,147.4516129032258
1996-05-31,148.2258064516129
1996-06-01,149.0
1996-06-02,149.7
1996-06-03,150.4
1996-06-04,151.1
1996-06-05,151.8
1996-06-06,152.5
1996-06-07,153.2
1996-06-08,153.9
1996-06-09,154.6
1996-06-10,155.3
1996-06-11,156.0
1996-06-12,156.7
1996-06-13,157.4
1996-06-14,158.1
1996-06-15,158.8
1996-06-16,159.5
1996-06-17,160.2
1996-06-18,160.9
1996-06-19,161.6
1996-06-20,162.3
1996-06-21,163.0
1996-06-22,163.7
1996-06-23,164.4
1996-06-24,165.1
1996-06-25,165.8
1996-06-26,166.5
1996-06-27,167.2
1996-06-28,167.9
1996-06-29,168.6
1996-06-30,169.3
1996-07-01,170.0
1996-07-02,170.0
1996-07-03,170.0
1996-07-04,170.0
1996-07-05,170.0
1996-07-06,170.0
1996-07-07,170.0
1996-07-08,170.0
1996-07-09,170.0
1996-07-10,170.0
1996-07-11,170.0
1996-07-12,170.0
1996-07-13,170.0
1996-07-14,170.0
1996-07-15,170.0
1996-07-16,170.0
1996-07-17,170.0
1996-07-18,170.0
1996-07-19,170.0
1996-07-20,170.0
1996-07-21,170.0
1996-07-22,170.0
1996-07-23,170.0
1996-07-24,170.0
1996-07-25,170.0
1996-07-26,170.0
1996-07-27,170.0
1996-07-28,170.0
1996-07-29,170.0
1996-07-30,170.0
1996-07-31,170.0
1996-08-01,170.0
1996-08-02,169.61290322580646
1996-08-03,169.2258064516129
1996-08-04,168.83870967741936
1996-08-05,168.4516129032258
1996-08-06,168.06451612903226
1996-08-07,167.67741935483872
1996-08-08,167.29032258064515
1996-08-09,166.90322580645162
1996-08-10,166.51612903225808
1996-08-11,166.1290322580645
1996-08-12,165.74193548387098
1996-08-13,165.3548387096774
1996-08-14,164.96774193548387
1996-08-15,164.58064516129033
1996-08-16,164.19354838709677
1996-08-17,163.80645161290323
1996-08-18,163.41935483870967
1996-08-19,163.03225806451613
1996-08-20,162.6451612903226
1996-08-21,162.25806451612902
1996-08-22,161.8709677419355
1996-08-23,161.48387096774195
1996-08-24,161.09677419354838
1996-08-25,160.70967741935485
1996-08-26,160.32258064516128
1996-08-27,159.93548387096774
1996-08-28,159.5483870967742
1996-08-29,159.16129032258064
1996-08-30,158.7741935483871
1996-08-31,158.38709677419354
1996-09-01,158.0
1996-09-02,157.16666666666666
1996-09-03,156.33333333333334
1996-09-04,155.5
1996-09-05,154.66666666666666
1996-09-06,153.83333333333334
1996-09-07,153.0
1996-09-08,152.16666666666666
1996-09-09,151.33333333333334
1996-09-10,150.5
1996-09-11,149.66666666666666
1996-09-12,148.83333333333334
1996-09-13,148.0
1996-09-14,147.16666666666666
1996-09-15,146.33333333333334
1996-09-16,145.5
1996-09-17,144.66666666666666
1996-09-18,143.83333333333334
1996-09-19,143.0
1996-09-20,142.16666666666666
1996-09-21,141.33333333333334
1996-09-22,140.5
1996-09-23,139.66666666666666
1996-09-24,138.83333333333334
1996-09-25,138.0
1996-09-26,137.16666666666666
1996-09-27,136.33333333333334
1996-09-28,135.5
1996-09-29,134.66666666666666
1996-09-30,133.83333333333334
1996-10-01,133.0
1996-10-02,132.38709677419354
1996-10-03,131.7741935483871
1996-10-04,131.16129032258064
1996-10-05,130.5483870967742
1996-10-06,129.93548387096774
1996-10-07,129.32258064516128
1996-10-08,128.70967741935485
1996-10-09,128.09677419354838
1996-10-10,127.48387096774194
1996-10-11,126.87096774193549
1996-10-12,126.25806451612902
1996-10-13,125.64516129032258
1996-10-14,125.03225806451613
1996-10-15,124.41935483870968
1996-10-16,123.80645161290323
1996-10-17,123.19354838709677
1996-10-18,122.58064516129032
1996-10-19,121.96774193548387
1996-10-20,121.35483870967742
1996-10-21,120.74193548387098
1996-10-22,120.12903225806451
1996-10-23,119.51612903225806
1996-10-24,118.90322580645162
1996-10-25,118.29032258064515
1996-10-26,117.6774193548387
1996-10-27,117.06451612903226
1996-10-28,116.45161290322581
1996-10-29,115.83870967741936
1996-10-30,115.2258064516129
1996-10-31,114.61290322580645
1996-11-01,114.0
1996-11-02,114.86666666666666
1996-11-03,115.73333333333333
1996-11-04,116.6
1996-11-05,117.46666666666667
1996-11-06,118.33333333333333
1996-11-07,119.2
1996-11-08,120.06666666666666
1996-11-09,120.93333333333334
1996-11-10,121.8
1996-11-11,122.66666666666667
1996-11-12,123.53333333333333
1996-11-13,124.4
1996-11-14,125.26666666666667
1996-11-15,126.13333333333333
1996-11-16,127.0
1996-11-17,127.86666666666667
1996-11-18,128.73333333333335
1996-11-19,129.6
1996-11-20,130.46666666666667
1996-11-21,131.33333333333334
1996-11-22,132.2
1996-11-23,133.06666666666666
1996-11-24,133.93333333333334
1996-11-25,134.8
1996-11-26,135.66666666666666
1996-11-27,136.53333333333333
1996-11-28,137.4
1996-11-29,138.26666666666665
1996-11-30,139.13333333333333
1996-12-01,140.0
1996-12-02,140.16129032258064
1996-12-03,140.32258064516128
1996-12-04,140.48387096774192
1996-12-05,140.6451612903226
1996-12-06,140.80645161290323
1996-12-07,140.96774193548387
1996-12-08,141.1290322580645
1996-12-09,141.29032258064515
1996-12-10,141.4516129032258
1996-12-11,141.61290322580646
1996-12-12,141.7741935483871
1996-12-13,141.93548387096774
1996-12-14,142.09677419354838
1996-12-15,142.25806451612902
1996-12-16,142.41935483870967
1996-12-17,142.58064516129033
1996-12-18,142.74193548387098
1996-12-19,142.90322580645162
1996-12-20,143.06451612903226
1996-12-21,143.2258064516129
1996-12-22,143.38709677419354
1996-12-23,143.5483870967742
1996-12-24,143.70967741935485
1996-12-25,143.8709677419355
1996-12-26,144.03225806451613
1996-12-27,144.19354838709677
1996-12-28,144.3548387096774
1996-12-29,144.51612903225805
1996-12-30,144.67741935483872
1996-12-31,144.83870967741936
1997-01-01,145.0
1997-01-02,145.16129032258064
1997-01-03,145.32258064516128
1997-01-04,145.48387096774192
1997-01-05,145.6451612903226
1997-01-06,145.80645161290323
1997-01-07,145.96774193548387
1997-01-08,146.1290322580645
1997-01-09,146.29032258064515
1997-01-10,146.4516129032258
1997-01-11,146.61290322580646
1997-01-12,146.7741935483871
1997-01-13,146.93548387096774
1997-01-14,147.09677419354838
1997-01-15,147.25806451612902
1997-01-16,147.41935483870967
1997-01-17,147.58064516129033
1997-01-18,147.74193548387098
1997-01-19,147.90322580645162
1997-01-20,148.06451612903226
1997-01-21,148.2258064516129
1997-01-22,148.38709677419354
1997-01-23,148.5483870967742
1997-01-24,148.70967741935485
1997-01-25,148.8709677419355
1997-01-26,149.03225806451613
1997-01-27,149.19354838709677
1997-01-28,149.3548387096774
1997-01-29,149.51612903225805
1997-01-30,149.67741935483872
1997-01-31,149.83870967741936
1997-02-01,150.0
1997-02-02,151.0
1997-02-03,152.0
1997-02-04,153.0
1997-02-05,154.0
1997-02-06,155.0
1997-02-07,156.0
1997-02-08,157.0
1997-02-09,158.0
1997-02-10,159.0
1997-02-11,160.0
1997-02-12,161.0
1997-02-13,162.0
1997-02-14,163.0
1997-02-15,164.0
1997-02-16,165.0
1997-02-17,166.0
1997-02-18,167.0
1997-02-19,168.0
1997-02-20,169.0
1997-02-21,170.0
1997-02-22,171.0
1997-02-23,172.0
1997-02-24,173.0
1997-02-25,174.0
1997-02-26,175.0
1997-02-27,176.0
1997-02-28,177.0
1997-03-01,178.0
1997-03-02,177.51612903225808
1997-03-03,177.03225806451613
1997-03-04,176.5483870967742
1997-03-05,176.06451612903226
1997-03-06,175.58064516129033
1997-03-07,175.09677419354838
1997-03-08,174.61290322580646
1997-03-09,174.1290322580645
1997-03-10,173.6451612903226
1997-03-11,173.16129032258064
1997-03-12,172.67741935483872
1997-03-13,172.19354838709677
1997-03-14,171.70967741935485
1997-03-15,171.2258064516129
1997-03-16,170.74193548387098
1997-03-17,170.25806451612902
1997-03-18,169.7741935483871
1997-03-19,169.29032258064515
1997-03-20,168.80645161290323
1997-03-21,168.32258064516128
1997-03-22,167.83870967741936
1997-03-23,167.3548387096774
1997-03-24,166.8709677419355
1997-03-25,166.38709677419354
1997-03-26,165.90322580645162
1997-03-27,165.41935483870967
1997-03-28,164.93548387096774
1997-03-29,164.4516129032258
1997-03-30,163.96774193548387
1997-03-31,163.48387096774195
1997-04-01,163.0
1997-04-02,163.3
1997-04-03,163.6
1997-04-04,163.9
1997-04-05,164.2
1997-04-06,164.5
1997-04-07,164.8
1997-04-08,165.1
1997-04-09,165.4
1997-04-10,165.7
1997-04-11,166.0
1997-04-12,166.3
1997-04-13,166.6
1997-04-14,166.9
1997-04-15,167.2
1997-04-16,167.5
1997-04-17,167.8
1997-04-18,168.1
1997-04-19,168.4
1997-04-20,168.7
1997-04-21,169.0
1997-04-22,169.3
1997-04-23,169.6
1997-04-24,169.9
1997-04-25,170.2
1997-04-26,170.5
1997-04-27,170.8
1997-04-28,171.1
1997-04-29,171.4
1997-04-30,171.7
1997-05-01,172.0
1997-05-02,172.19354838709677
1997-05-03,172.38709677419354
1997-05-04,172.58064516129033
1997-05-05,172.7741935483871
1997-05-06,172.96774193548387
1997-05-07,173.16129032258064
1997-05-08,173.3548387096774
1997-05-09,173.5483870967742
1997-05-10,173.74193548387098
1997-05-11,173.93548387096774
1997-05-12,174.1290322580645
1997-05-13,174.32258064516128
1997-05-14,174.51612903225808
1997-05-15,174.70967741935485
1997-05-16,174.90322580645162
1997-05-17,175.09677419354838
1997-05-18,175.29032258064515
1997-05-19,175.48387096774192
1997-05-20,175.67741935483872
1997-05-21,175.8709677419355
1997-05-22,176.06451612903226
1997-05-23,176.25806451612902
1997-05-24,176.4516129032258
1997-05-25,176.6451612903226
1997-05-26,176.83870967741936
1997-05-27,177.03225806451613
1997-05-28,177.2258064516129
1997-05-29,177.41935483870967
1997-05-30,177.61290322580646
1997-05-31,177.80645161290323
1997-06-01,178.0
1997-06-02,178.7
1997-06-03,179.4
1997-06-04,180.1
1997-06-05,180.8
1997-06-06,181.5
1997-06-07,182.2
1997-06-08,182.9
1997-06-09,183.6
1997-06-10,184.3
1997-06-11,185.0
1997-06-12,185.7
1997-06-13,186.4
1997-06-14,187.1
1997-06-15,187.8
1997-06-16,188.5
1997-06-17,189.2
1997-06-18,189.9
1997-06-19,190.6
1997-06-20,191.3
1997-06-21,192.0
1997-06-22,192.7
1997-06-23,193.4
1997-06-24,194.1
1997-06-25,194.8
1997-06-26,195.5
1997-06-27,196.2
1997-06-28,196.9
1997-06-29,197.6
1997-06-30,198.3
1997-07-01,199.0
1997-07-02,199.0
1997-07-03,199.0
1997-07-04,199.0
1997-07-05,199.0
1997-07-06,199.0
1997-07-07,199.0
1997-07-08,199.0
1997-07-09,199.0
1997-07-10,199.0
1997-07-11,199.0
1997-07-12,199.0
1997-07-13,199.0
1997-07-14,199.0
1997-07-15,199.0
1997-07-16,199.0
1997-07-17,199.0
1997-07-18,199.0
1997-07-19,199.0
1997-07-20,199.0
1997-07-21,199.0
1997-07-22,199.0
1997-07-23,199.0
1997-07-24,199.0
1997-07-25,199.0
1997-07-26,199.0
1997-07-27,199.0
1997-07-28,199.0
1997-07-29,199.0
1997-07-30,199.0
1997-07-31,199.0
1997-08-01,199.0
1997-08-02,198.51612903225808
1997-08-03,198.03225806451613
1997-08-04,197.5483870967742
1997-08-05,197.06451612903226
1997-08-06,196.58064516129033
1997-08-07,196.09677419354838
1997-08-08,195.61290322580646
1997-08-09,195.1290322580645
1997-08-10,194.6451612903226
1997-08-11,194.16129032258064
1997-08-12,193.67741935483872
1997-08-13,193.19354838709677
1997-08-14,192.70967741935485
1997-08-15,192.2258064516129
1997-08-16,191.74193548387098
1997-08-17,191.25806451612902
1997-08-18,190.7741935483871
1997-08-19,190.29032258064515
1997-08-20,189.80645161290323
1997-08-21,189.32258064516128
1997-08-22,188.83870967741936
1997-08-23,188.3548387096774
1997-08-24,187.8709677419355
1997-08-25,187.38709677419354
1997-08-26,186.90322580645162
1997-08-27,186.41935483870967
1997-08-28,185.93548387096774
1997-08-29,185.4516129032258
1997-08-30,184.96774193548387
1997-08-31,184.48387096774195
1997-09-01,184.0
1997-09-02,183.26666666666668
1997-09-03,182.53333333333333
1997-09-04,181.8
1997-09-05,181.06666666666666
1997-09-06,180.33333333333334
1997-09-07,179.6
1997-09-08,178.86666666666667
1997-09-09,178.13333333333333
1997-09-10,177.4
1997-09-11,176.66666666666666
1997-09-12,175.93333333333334
1997-09-13,175.2
1997-09-14,174.46666666666667
1997-09-15,173.73333333333335
1997-09-16,173.0
1997-09-17,172.26666666666668
1997-09-18,171.53333333333333
1997-09-19,170.8
1997-09-20,170.06666666666666
1997-09-21,169.33333333333334
1997-09-22,168.6
1997-09-23,167.86666666666667
1997-09-24,167.13333333333333
1997-09-25,166.4
1997-09-26,165.66666666666666
1997-09-27,164.93333333333334
1997-09-28,164.2
1997-09-29,163.46666666666667
1997-09-30,162.73333333333335
1997-10-01,162.0
1997-10-02,161.48387096774192
1997-10-03,160.96774193548387
1997-10-04,160.4516129032258
1997-10-05,159.93548387096774
1997-10-06,159.41935483870967
1997-10-07,158.90322580645162
1997-10-08,158.38709677419354
1997-10-09,157.8709677419355
1997-10-10,157.3548387096774
1997-10-11,156.83870967741936
1997-10-12,156.32258064516128
1997-10-13,155.80645161290323
1997-10-14,155.29032258064515
1997-10-15,154.7741935483871
1997-10-16,154.25806451612902
1997-10-17,153.74193548387098
1997-10-18,153.2258064516129
1997-10-19,152.70967741935485
1997-10-20,152.19354838709677
1997-10-21,151.67741935483872
1997-10-22,151.16129032258064
1997-10-23,150.6451612903226
1997-10-24,150.1290322580645
1997-10-25,149.61290322580646
1997-10-26,149.09677419354838
1997-10-27,148.58064516129033
1997-10-28,148.06451612903226
1997-10-29,147.5483870967742
1997-10-30,147.03225806451613
1997-10-31,146.51612903225805
1997-11-01,146.0
1997-11-02,146.66666666666666
1997-11-03,147.33333333333334
1997-11-04,148.0
1997-11-05,148.66666666666666
1997-11-06,149.33333333333334
1997-11-07,150.0
1997-11-08,150.66666666666666
1997-11-09,151.33333333333334
1997-11-10,152.0
1997-11-11,152.66666666666666
1997-11-12,153.33333333333334
1997-11-13,154.0
1997-11-14,154.66666666666666
1997-11-15,155.33333333333334
1997-11-16,156.0
1997-11-17,156.66666666666666
1997-11-18,157.33333333333334
1997-11-19,158.0
1997-11-20,158.66666666666666
1997-11-21,159.33333333333334
1997-11-22,160.0
1997-11-23,160.66666666666666
1997-11-24,161.33333333333334
1997-11-25,162.0
1997-11-26,162.66666666666666
1997-11-27,163.33333333333334
1997-11-28,164.0
1997-11-29,164.66666666666666
1997-11-30,165.33333333333334
1997-12-01,166.0
1997-12-02,166.16129032258064
1997-12-03,166.32258064516128
1997-12-04,166.48387096774192
1997-12-05,166.6451612903226
1997-12-06,166.80645161290323
1997-12-07,166.96774193548387
1997-12-08,167.1290322580645
1997-12-09,167.29032258064515
1997-12-10,167.4516129032258
1997-12-11,167.61290322580646
1997-12-12,167.7741935483871
1997-12-13,167.93548387096774
1997-12-14,168.09677419354838
1997-12-15,168.25806451612902
1997-12-16,168.41935483870967
1997-12-17,168.58064516129033
1997-12-18,168.74193548387098
1997-12-19,168.90322580645162
1997-12-20,169.06451612903226
1997-12-21,169.2258064516129
1997-12-22,169.38709677419354
1997-12-23,169.5483870967742
1997-12-24,169.70967741935485
1997-12-25,169.8709677419355
1997-12-26,170.03225806451613
1997-12-27,170.19354838709677
1997-12-28,170.3548387096774
1997-12-29,170.51612903225805
1997-12-30,170.67741935483872
1997-12-31,170.83870967741936
1998-01-01,171.0
1998-01-02,171.29032258064515
1998-01-03,171.58064516129033
1998-01-04,171.8709677419355
1998-01-05,172.16129032258064
1998-01-06,172.4516129032258
1998-01-07,172.74193548387098
1998-01-08,173.03225806451613
1998-01-09,173.32258064516128
1998-01-10,173.61290322580646
1998-01-11,173.90322580645162
1998-01-12,174.19354838709677
1998-01-13,174.48387096774195
1998-01-14,174.7741935483871
1998-01-15,175.06451612903226
1998-01-16,175.3548387096774
1998-01-17,175.6451612903226
1998-01-18,175.93548387096774
1998-01-19,176.2258064516129
1998-01-20,176.51612903225808
1998-01-21,176.80645161290323
1998-01-22,177.09677419354838
1998-01-23,177.38709677419354
1998-01-24,177.67741935483872
1998-01-25,177.96774193548387
1998-01-26,178.25806451612902
1998-01-27,178.5483870967742
1998-01-28,178.83870967741936
1998-01-29,179.1290322580645
1998-01-30,179.41935483870967
1998-01-31,179.70967741935485
1998-02-01,180.0
1998-02-02,180.46428571428572
1998-02-03,180.92857142857142
1998-02-04,181.39285714285714
1998-02-05,181.85714285714286
1998-02-06,182.32142857142858
1998-02-07,182.78571428571428
1998-02-08,183.25
1998-02-09,183.71428571428572
1998-02-10,184.17857142857142
1998-02-11,184.64285714285714
1998-02-12,185.10714285714286
1998-02-13,185.57142857142858
1998-02-14,186.03571428571428
1998-02-15,186.5
1998-02-16,186.96428571428572
1998-02-17,187.42857142857142
1998-02-18,187.89285714285714
1998-02-19,188.35714285714286
1998-02-20,188.82142857142858
1998-02-21,189.28571428571428
1998-02-22,189.75
1998-02-23,190.21428571428572
1998-02-24,190.67857142857142
1998-02-25,191.14285714285714
1998-02-26,191.60714285714286
1998-02-27,192.07142857142858
1998-02-28,192.53571428571428
1998-03-01,193.0
1998-03-02,192.61290322580646
1998-03-03,192.2258064516129
1998-03-04,191.83870967741936
1998-03-05,191.4516129032258
1998-03-06,191.06451612903226
1998-03-07,190.67741935483872
1998-03-08,190.29032258064515
1998-03-09,189.90322580645162
1998-03-10,189.51612903225808
1998-03-11,189.1290322580645
1998-03-12,188.74193548387098
1998-03-13,188.3548387096774
1998-03-14,187.96774193548387
1998-03-15,187.58064516129033
1998-03-16,187.19354838709677
1998-03-17,186.80645161290323
1998-03-18,186.41935483870967
1998-03-19,186.03225806451613
1998-03-20,185.6451612903226
1998-03-21,185.25806451612902
1998-03-22,184.8709677419355
1998-03-23,184.48387096774195
1998-03-24,184.09677419354838
1998-03-25,183.70967741935485
1998-03-26,183.32258064516128
1998-03-27,182.93548387096774
1998-03-28,182.5483870967742
1998-03-29,182.16129032258064
1998-03-30,181.7741935483871
1998-03-31,181.38709677419354
1998-04-01,181.0
1998-04-02,181.06666666666666
1998-04-03,181.13333333333333
1998-04-04,181.2
1998-04-05,181.26666666666668
1998-04-06,181.33333333333334
1998-04-07,181.4
1998-04-08,181.46666666666667
1998-04-09,181.53333333333333
1998-04-10,181.6
1998-04-11,181.66666666666666
1998-04-12,181.73333333333332
1998-04-13,181.8
1998-04-14,181.86666666666667
1998-04-15,181.93333333333334
1998-04-16,182.0
1998-04-17,182.06666666666666
1998-04-18,182.13333333333333
1998-04-19,182.2
1998-04-20,182.26666666666668
1998-04-21,182.33333333333334
1998-04-22,182.4
1998-04-23,182.46666666666667
1998-04-24,182.53333333333333
1998-04-25,182.6
1998-04-26,182.66666666666666
1998-04-27,182.73333333333332
1998-04-28,182.8
1998-04-29,182.86666666666667
1998-04-30,182.93333333333334
1998-05-01,183.0
1998-05-02,184.1290322580645
1998-05-03,185.25806451612902
1998-05-04,186.38709677419354
1998-05-05,187.51612903225808
1998-05-06,188.6451612903226
1998-05-07,189.7741935483871
1998-05-08,190.90322580645162
1998-05-09,192.03225806451613
1998-05-10,193.16129032258064
1998-05-11,194.29032258064515
1998-05-12,195.41935483870967
1998-05-13,196.5483870967742
1998-05-14,197.67741935483872
1998-05-15,198.80645161290323
1998-05-16,199.93548387096774
1998-05-17,201.06451612903226
1998-05-18,202.19354838709677
1998-05-19,203.32258064516128
1998-05-20,204.4516129032258
1998-05-21,205.58064516129033
1998-05-22,206.70967741935485
1998-05-23,207.83870967741936
1998-05-24,208.96774193548387
1998-05-25,210.09677419354838
1998-05-26,211.2258064516129
1998-05-27,212.35483870967744
1998-05-28,213.48387096774195
1998-05-29,214.61290322580646
1998-05-30,215.74193548387098
1998-05-31,216.8709677419355
1998-06-01,218.0
1998-06-02,218.4
1998-06-03,218.8
1998-06-04,219.2
1998-06-05,219.6
1998-06-06,220.0
1998-06-07,220.4
1998-06-08,220.8
1998-06-09,221.2
1998-06-10,221.6
1998-06-11,222.0
1998-06-12,222.4
1998-06-13,222.8
1998-06-14,223.2
1998-06-15,223.6
1998-06-16,224.0
1998-06-17,224.4
1998-06-18,224.8
1998-06-19,225.2
1998-06-20,225.6
1998-06-21,226.0
1998-06-22,226.4
1998-06-23,226.8
1998-06-24,227.2
1998-06-25,227.6
1998-06-26,228.0
1998-06-27,228.4
1998-06-28,228.8
1998-06-29,229.2
1998-06-30,229.6
1998-07-01,230.0
1998-07-02,230.38709677419354
1998-07-03,230.7741935483871
1998-07-04,231.16129032258064
1998-07-05,231.5483870967742
1998-07-06,231.93548387096774
1998-07-07,232.32258064516128
1998-07-08,232.70967741935485
1998-07-09,233.09677419354838
1998-07-10,233.48387096774192
1998-07-11,233.8709677419355
1998-07-12,234.25806451612902
1998-07-13,234.6451612903226
1998-07-14,235.03225806451613
1998-07-15,235.41935483870967
1998-07-16,235.80645161290323
1998-07-17,236.19354838709677
1998-07-18,236.58064516129033
1998-07-19,236.96774193548387
1998-07-20,237.3548387096774
1998-07-21,237.74193548387098
1998-07-22,238.1290322580645
1998-07-23,238.51612903225805
1998-07-24,238.90322580645162
1998-07-25,239.29032258064515
1998-07-26,239.67741935483872
1998-07-27,240.06451612903226
1998-07-28,240.4516129032258
1998-07-29,240.83870967741936
1998-07-30,241.2258064516129
1998-07-31,241.61290322580646
1998-08-01,242.0
1998-08-02,240.93548387096774
1998-08-03,239.8709677419355
1998-08-04,238.80645161290323
1998-08-05,237.74193548387098
1998-08-06,236.67741935483872
1998-08-07,235.61290322580646
1998-08-08,234.5483870967742
1998-08-09,233.48387096774195
1998-08-10,232.41935483870967
1998-08-11,231.3548387096774
1998-08-12,230.29032258064515
1998-08-13,229.2258064516129
1998-08-14,228.16129032258064
1998-08-15,227.09677419354838
1998-08-16,226.03225806451613
1998-08-17,224.96774193548387
1998-08-18,223.90322580645162
1998-08-19,222.83870967741936
1998-08-20,221.7741935483871
1998-08-21,220.70967741935485
1998-08-22,219.6451612903226
1998-08-23,218.58064516129033
1998-08-24,217.51612903225805
1998-08-25,216.4516129032258
1998-08-26,215.38709677419354
1998-08-27,214.32258064516128
1998-08-28,213.25806451612902
1998-08-29,212.19354838709677
1998-08-30,211.1290322580645
1998-08-31,210.06451612903226
1998-09-01,209.0
1998-09-02,208.4
1998-09-03,207.8
1998-09-04,207.2
1998-09-05,206.6
1998-09-06,206.0
1998-09-07,205.4
1998-09-08,204.8
1998-09-09,204.2
1998-09-10,203.6
1998-09-11,203.0
1998-09-12,202.4
1998-09-13,201.8
1998-09-14,201.2
1998-09-15,200.6
1998-09-16,200.0
1998-09-17,199.4
1998-09-18,198.8
1998-09-19,198.2
1998-09-20,197.6
1998-09-21,197.0
1998-09-22,196.4
1998-09-23,195.8
1998-09-24,195.2
1998-09-25,194.6
1998-09-26,194.0
1998-09-27,193.4
1998-09-28,192.8
1998-09-29,192.2
1998-09-30,191.6
1998-10-01,191.0
1998-10-02,190.38709677419354
1998-10-03,189.7741935483871
1998-10-04,189.16129032258064
1998-10-05,188.5483870967742
1998-10-06,187.93548387096774
1998-10-07,187.32258064516128
1998-10-08,186.70967741935485
1998-10-09,186.09677419354838
1998-10-10,185.48387096774192
1998-10-11,184.8709677419355
1998-10-12,184.25806451612902
1998-10-13,183.6451612903226
1998-10-14,183.03225806451613
1998-10-15,182.41935483870967
1998-10-16,181.80645161290323
1998-10-17,181.19354838709677
1998-10-18,180.58064516129033
1998-10-19,179.96774193548387
1998-10-20,179.3548387096774
1998-10-21,178.74193548387098
1998-10-22,178.1290322580645
1998-10-23,177.51612903225805
1998-10-24,176.90322580645162
1998-10-25,176.29032258064515
1998-10-26,175.67741935483872
1998-10-27,175.06451612903226
1998-10-28,174.4516129032258
1998-10-29,173.83870967741936
1998-10-30,173.2258064516129
1998-10-31,172.61290322580646
1998-11-01,172.0
1998-11-02,172.73333333333332
1998-11-03,173.46666666666667
1998-11-04,174.2
1998-11-05,174.93333333333334
1998-11-06,175.66666666666666
1998-11-07,176.4
1998-11-08,177.13333333333333
1998-11-09,177.86666666666667
1998-11-10,178.6
1998-11-11,179.33333333333334
1998-11-12,180.06666666666666
1998-11-13,180.8
1998-11-14,181.53333333333333
1998-11-15,182.26666666666665
1998-11-16,183.0
1998-11-17,183.73333333333332
1998-11-18,184.46666666666667
1998-11-19,185.2
1998-11-20,185.93333333333334
1998-11-21,186.66666666666666
1998-11-22,187.4
1998-11-23,188.13333333333333
1998-11-24,188.86666666666667
1998-11-25,189.6
1998-11-26,190.33333333333334
1998-11-27,191.06666666666666
1998-11-28,191.8
1998-11-29,192.53333333333333
1998-11-30,193.26666666666665
1998-12-01,194.0
1998-12-02,194.06451612903226
1998-12-03,194.1290322580645
1998-12-04,194.19354838709677
1998-12-05,194.25806451612902
1998-12-06,194.32258064516128
1998-12-07,194.38709677419354
1998-12-08,194.4516129032258
1998-12-09,194.51612903225808
1998-12-10,194.58064516129033
1998-12-11,194.6451612903226
1998-12-12,194.70967741935485
1998-12-13,194.7741935483871
1998-12-14,194.83870967741936
1998-12-15,194.90322580645162
1998-12-16,194.96774193548387
1998-12-17,195.03225806451613
1998-12-18,195.09677419354838
1998-12-19,195.16129032258064
1998-12-20,195.2258064516129
1998-12-21,195.29032258064515
1998-12-22,195.3548387096774
1998-12-23,195.41935483870967
1998-12-24,195.48387096774192
1998-12-25,195.5483870967742
1998-12-26,195.61290322580646
1998-12-27,195.67741935483872
1998-12-28,195.74193548387098
1998-12-29,195.80645161290323
1998-12-30,195.8709677419355
1998-12-31,195.93548387096774
1999-01-01,196.0
1999-01-02,196.0
1999-01-03,196.0
1999-01-04,196.0
1999-01-05,196.0
1999-01-06,196.0
1999-01-07,196.0
1999-01-08,196.0
1999-01-09,196.0
1999-01-10,196.0
1999-01-11,196.0
1999-01-12,196.0
1999-01-13,196.0
1999-01-14,196.0
1999-01-15,196.0
1999-01-16,196.0
1999-01-17,196.0
1999-01-18,196.0
1999-01-19,196.0
1999-01-20,196.0
1999-01-21,196.0
1999-01-22,196.0
1999-01-23,196.0
1999-01-24,196.0
1999-01-25,196.0
1999-01-26,196.0
1999-01-27,196.0
1999-01-28,196.0
1999-01-29,196.0
1999-01-30,196.0
1999-01-31,196.0
1999-02-01,196.0
1999-02-02,197.42857142857142
1999-02-03,198.85714285714286
1999-02-04,200.28571428571428
1999-02-05,201.71428571428572
1999-02-06,203.14285714285714
1999-02-07,204.57142857142858
1999-02-08,206.0
1999-02-09,207.42857142857142
1999-02-10,208.85714285714286
1999-02-11,210.28571428571428
1999-02-12,211.71428571428572
1999-02-13,213.14285714285714
1999-02-14,214.57142857142858
1999-02-15,216.0
1999-02-16,217.42857142857144
1999-02-17,218.85714285714286
1999-02-18,220.28571428571428
1999-02-19,221.71428571428572
1999-02-20,223.14285714285714
1999-02-21,224.57142857142858
1999-02-22,226.0
1999-02-23,227.42857142857144
1999-02-24,228.85714285714286
1999-02-25,230.28571428571428
1999-02-26,231.71428571428572
1999-02-27,233.14285714285714
1999-02-28,234.57142857142856
1999-03-01,236.0
1999-03-02,235.96774193548387
1999-03-03,235.93548387096774
1999-03-04,235.90322580645162
1999-03-05,235.8709677419355
1999-03-06,235.83870967741936
1999-03-07,235.80645161290323
1999-03-08,235.7741935483871
1999-03-09,235.74193548387098
1999-03-10,235.70967741935485
1999-03-11,235.67741935483872
1999-03-12,235.6451612903226
1999-03-13,235.61290322580646
1999-03-14,235.58064516129033
1999-03-15,235.5483870967742
1999-03-16,235.51612903225808
1999-03-17,235.48387096774192
1999-03-18,235.4516129032258
1999-03-19,235.41935483870967
1999-03-20,235.38709677419354
1999-03-21,235.3548387096774
1999-03-22,235.32258064516128
1999-03-23,235.29032258064515
1999-03-24,235.25806451612902
1999-03-25,235.2258064516129
1999-03-26,235.19354838709677
1999-03-27,235.16129032258064
1999-03-28,235.1290322580645
1999-03-29,235.09677419354838
1999-03-30,235.06451612903226
1999-03-31,235.03225806451613
1999-04-01,235.0
1999-04-02,234.8
1999-04-03,234.6
1999-04-04,234.4
1999-04-05,234.2
1999-04-06,234.0
1999-04-07,233.8
1999-04-08,233.6
1999-04-09,233.4
1999-04-10,233.2
1999-04-11,233.0
1999-04-12,232.8
1999-04-13,232.6
1999-04-14,232.4
1999-04-15,232.2
1999-04-16,232.0
1999-04-17,231.8
1999-04-18,231.6
1999-04-19,231.4
1999-04-20,231.2
1999-04-21,231.0
1999-04-22,230.8
1999-04-23,230.6
1999-04-24,230.4
1999-04-25,230.2
1999-04-26,230.0
1999-04-27,229.8
1999-04-28,229.6
1999-04-29,229.4
1999-04-30,229.2
1999-05-01,229.0
1999-05-02,229.4516129032258
1999-05-03,229.90322580645162
1999-05-04,230.3548387096774
1999-05-05,230.80645161290323
1999-05-06,231.25806451612902
1999-05-07,231.70967741935485
1999-05-08,232.16129032258064
1999-05-09,232.61290322580646
1999-05-10,233.06451612903226
1999-05-11,233.51612903225805
1999-05-12,233.96774193548387
1999-05-13,234.41935483870967
1999-05-14,234.8709677419355
1999-05-15,235.32258064516128
1999-05-16,235.7741935483871
1999-05-17,236.2258064516129
1999-05-18,236.67741935483872
1999-05-19,237.1290322580645
1999-05-20,237.58064516129033
1999-05-21,238.03225806451613
1999-05-22,238.48387096774195
1999-05-23,238.93548387096774
1999-05-24,239.38709677419354
1999-05-25,239.83870967741936
1999-05-26,240.29032258064515
1999-05-27,240.74193548387098
1999-05-28,241.19354838709677
1999-05-29,241.6451612903226
1999-05-30,242.09677419354838
1999-05-31,242.5483870967742
1999-06-01,243.0
1999-06-02,243.7
1999-06-03,244.4
1999-06-04,245.1
1999-06-05,245.8
1999-06-06,246.5
1999-06-07,247.2
1999-06-08,247.9
1999-06-09,248.6
1999-06-10,249.3
1999-06-11,250.0
1999-06-12,250.7
1999-06-13,251.4
1999-06-14,252.1
1999-06-15,252.8
1999-06-16,253.5
1999-06-17,254.2
1999-06-18,254.9
1999-06-19,255.6
1999-06-20,256.3
1999-06-21,257.0
1999-06-22,257.7
1999-06-23,258.4
1999-06-24,259.1
1999-06-25,259.8
1999-06-26,260.5
1999-06-27,261.2
1999-06-28,261.9
1999-06-29,262.6
1999-06-30,263.3
1999-07-01,264.0
1999-07-02,264.258064516129
1999-07-03,264.51612903225805
1999-07-04,264.7741935483871
1999-07-05,265.03225806451616
1999-07-06,265.2903225806452
1999-07-07,265.5483870967742
1999-07-08,265.80645161290323
1999-07-09,266.06451612903226
1999-07-10,266.3225806451613
1999-07-11,266.5806451612903
1999-07-12,266.83870967741933
1999-07-13,267.0967741935484
1999-07-14,267.35483870967744
1999-07-15,267.61290322580646
1999-07-16,267.8709677419355
1999-07-17,268.1290322580645
1999-07-18,268.38709677419354
1999-07-19,268.64516129032256
1999-07-20,268.9032258064516
1999-07-21,269.16129032258067
1999-07-22,269.4193548387097
1999-07-23,269.6774193548387
1999-07-24,269.93548387096774
1999-07-25,270.19354838709677
1999-07-26,270.4516129032258
1999-07-27,270.7096774193548
1999-07-28,270.96774193548384
1999-07-29,271.2258064516129
1999-07-30,271.48387096774195
1999-07-31,271.741935483871
1999-08-01,272.0
1999-08-02,270.8709677419355
1999-08-03,269.741935483871
1999-08-04,268.61290322580646
1999-08-05,267.48387096774195
1999-08-06,266.35483870967744
1999-08-07,265.2258064516129
1999-08-08,264.0967741935484
1999-08-09,262.96774193548384
1999-08-10,261.83870967741933
1999-08-11,260.7096774193548
1999-08-12,259.5806451612903
1999-08-13,258.4516129032258
1999-08-14,257.3225806451613
1999-08-15,256.19354838709677
1999-08-16,255.06451612903226
1999-08-17,253.93548387096774
1999-08-18,252.80645161290323
1999-08-19,251.67741935483872
1999-08-20,250.5483870967742
1999-08-21,249.41935483870967
1999-08-22,248.29032258064515
1999-08-23,247.16129032258064
1999-08-24,246.03225806451613
1999-08-25,244.90322580645162
1999-08-26,243.7741935483871
1999-08-27,242.64516129032256
1999-08-28,241.51612903225805
1999-08-29,240.38709677419354
1999-08-30,239.25806451612902
1999-08-31,238.1290322580645
1999-09-01,237.0
1999-09-02,236.13333333333333
1999-09-03,235.26666666666668
1999-09-04,234.4
1999-09-05,233.53333333333333
1999-09-06,232.66666666666666
1999-09-07,231.8
1999-09-08,230.93333333333334
1999-09-09,230.06666666666666
1999-09-10,229.2
1999-09-11,228.33333333333334
1999-09-12,227.46666666666667
1999-09-13,226.6
1999-09-14,225.73333333333332
1999-09-15,224.86666666666667
1999-09-16,224.0
1999-09-17,223.13333333333333
1999-09-18,222.26666666666665
1999-09-19,221.4
1999-09-20,220.53333333333333
1999-09-21,219.66666666666666
1999-09-22,218.8
1999-09-23,217.93333333333334
1999-09-24,217.06666666666666
1999-09-25,216.2
1999-09-26,215.33333333333334
1999-09-27,214.46666666666667
1999-09-28,213.6
1999-09-29,212.73333333333335
1999-09-30,211.86666666666667
1999-10-01,211.0
1999-10-02,210.0
1999-10-03,209.0
1999-10-04,208.0
1999-10-05,207.0
1999-10-06,206.0
1999-10-07,205.0
1999-10-08,204.0
1999-10-09,203.0
1999-10-10,202.0
1999-10-11,201.0
1999-10-12,200.0
1999-10-13,199.0
1999-10-14,198.0
1999-10-15,197.0
1999-10-16,196.0
1999-10-17,195.0
1999-10-18,194.0
1999-10-19,193.0
1999-10-20,192.0
1999-10-21,191.0
1999-10-22,190.0
1999-10-23,189.0
1999-10-24,188.0
1999-10-25,187.0
1999-10-26,186.0
1999-10-27,185.0
1999-10-28,184.0
1999-10-29,183.0
1999-10-30,182.0
1999-10-31,181.0
1999-11-01,180.0
1999-11-02,180.7
1999-11-03,181.4
1999-11-04,182.1
1999-11-05,182.8
1999-11-06,183.5
1999-11-07,184.2
1999-11-08,184.9
1999-11-09,185.6
1999-11-10,186.3
1999-11-11,187.0
1999-11-12,187.7
1999-11-13,188.4
1999-11-14,189.1
1999-11-15,189.8
1999-11-16,190.5
1999-11-17,191.2
1999-11-18,191.9
1999-11-19,192.6
1999-11-20,193.3
1999-11-21,194.0
1999-11-22,194.7
1999-11-23,195.4
1999-11-24,196.1
1999-11-25,196.8
1999-11-26,197.5
1999-11-27,198.2
1999-11-28,198.9
1999-11-29,199.6
1999-11-30,200.3
1999-12-01,201.0
1999-12-02,201.09677419354838
1999-12-03,201.19354838709677
1999-12-04,201.29032258064515
1999-12-05,201.38709677419354
1999-12-06,201.48387096774192
1999-12-07,201.58064516129033
1999-12-08,201.67741935483872
1999-12-09,201.7741935483871
1999-12-10,201.8709677419355
1999-12-11,201.96774193548387
1999-12-12,202.06451612903226
1999-12-13,202.16129032258064
1999-12-14,202.25806451612902
1999-12-15,202.3548387096774
1999-12-16,202.4516129032258
1999-12-17,202.5483870967742
1999-12-18,202.6451612903226
1999-12-19,202.74193548387098
1999-12-20,202.83870967741936
1999-12-21,202.93548387096774
1999-12-22,203.03225806451613
1999-12-23,203.1290322580645
1999-12-24,203.2258064516129
1999-12-25,203.32258064516128
1999-12-26,203.41935483870967
1999-12-27,203.51612903225808
1999-12-28,203.61290322580646
1999-12-29,203.70967741935485
1999-12-30,203.80645161290323
1999-12-31,203.90322580645162
2000-01-01,204.0
2000-01-02,203.48387096774192
2000-01-03,202.96774193548387
2000-01-04,202.4516129032258
2000-01-05,201.93548387096774
2000-01-06,201.41935483870967
2000-01-07,200.90322580645162
2000-01-08,200.38709677419354
2000-01-09,199.8709677419355
2000-01-10,199.3548387096774
2000-01-11,198.83870967741936
2000-01-12,198.32258064516128
2000-01-13,197.80645161290323
2000-01-14,197.29032258064515
2000-01-15,196.7741935483871
2000-01-16,196.25806451612902
2000-01-17,195.74193548387098
2000-01-18,195.2258064516129
2000-01-19,194.70967741935485
2000-01-20,194.19354838709677
2000-01-21,193.67741935483872
2000-01-22,193.16129032258064
2000-01-23,192.6451612903226
2000-01-24,192.1290322580645
2000-01-25,191.61290322580646
2000-01-26,191.09677419354838
2000-01-27,190.58064516129033
2000-01-28,190.06451612903226
2000-01-29,189.5483870967742
2000-01-30,189.03225806451613
2000-01-31,188.51612903225805
2000-02-01,188.0
2000-02-02,189.6206896551724
2000-02-03,191.24137931034483
2000-02-04,192.86206896551724
2000-02-05,194.48275862068965
2000-02-06,196.10344827586206
2000-02-07,197.72413793103448
2000-02-08,199.3448275862069
2000-02-09,200.9655172413793
2000-02-10,202.58620689655172
2000-02-11,204.20689655172413
2000-02-12,205.82758620689654
2000-02-13,207.44827586206895
2000-02-14,209.06896551724137
2000-02-15,210.68965517241378
2000-02-16,212.31034482758622
2000-02-17,213.9310344827586
2000-02-18,215.55172413793105
2000-02-19,217.17241379310343
2000-02-20,218.79310344827587
2000-02-21,220.41379310344826
2000-02-22,222.0344827586207
2000-02-23,223.6551724137931
2000-02-24,225.27586206896552
2000-02-25,226.89655172413794
2000-02-26,228.51724137931035
2000-02-27,230.13793103448276
2000-02-28,231.75862068965517
2000-02-29,233.3793103448276
2000-03-01,235.0
2000-03-02,234.74193548387098
2000-03-03,234.48387096774192
2000-03-04,234.2258064516129
2000-03-05,233.96774193548387
2000-03-06,233.70967741935485
2000-03-07,233.4516129032258
2000-03-08,233.19354838709677
2000-03-09,232.93548387096774
2000-03-10,232.67741935483872
2000-03-11,232.41935483870967
2000-03-12,232.16129032258064
2000-03-13,231.90322580645162
2000-03-14,231.6451612903226
2000-03-15,231.38709677419354
2000-03-16,231.1290322580645
2000-03-17,230.8709677419355
2000-03-18,230.61290322580646
2000-03-19,230.3548387096774
2000-03-20,230.09677419354838
2000-03-21,229.83870967741936
2000-03-22,229.58064516129033
2000-03-23,229.32258064516128
2000-03-24,229.06451612903226
2000-03-25,228.80645161290323
2000-03-26,228.5483870967742
2000-03-27,228.29032258064515
2000-03-28,228.03225806451613
2000-03-29,227.7741935483871
2000-03-30,227.51612903225808
2000-03-31,227.25806451612902
2000-04-01,227.0
2000-04-02,227.23333333333332
2000-04-03,227.46666666666667
2000-04-04,227.7
2000-04-05,227.93333333333334
2000-04-06,228.16666666666666
2000-04-07,228.4
2000-04-08,228.63333333333333
2000-04-09,228.86666666666667
2000-04-10,229.1
2000-04-11,229.33333333333334
2000-04-12,229.56666666666666
2000-04-13,229.8
2000-04-14,230.03333333333333
2000-04-15,230.26666666666668
2000-04-16,230.5
2000-04-17,230.73333333333332
2000-04-18,230.96666666666667
2000-04-19,231.2
2000-04-20,231.43333333333334
2000-04-21,231.66666666666666
2000-04-22,231.9
2000-04-23,232.13333333333333
2000-04-24,232.36666666666667
2000-04-25,232.6
2000-04-26,232.83333333333334
2000-04-27,233.06666666666666
2000-04-28,233.3
2000-04-29,233.53333333333333
2000-04-30,233.76666666666668
2000-05-01,234.0
2000-05-02,234.96774193548387
2000-05-03,235.93548387096774
2000-05-04,236.90322580645162
2000-05-05,237.8709677419355
2000-05-06,238.83870967741936
2000-05-07,239.80645161290323
2000-05-08,240.7741935483871
2000-05-09,241.74193548387098
2000-05-10,242.70967741935485
2000-05-11,243.67741935483872
2000-05-12,244.6451612903226
2000-05-13,245.61290322580646
2000-05-14,246.58064516129033
2000-05-15,247.5483870967742
2000-05-16,248.51612903225805
2000-05-17,249.48387096774195
2000-05-18,250.4516129032258
2000-05-19,251.4193548387097
2000-05-20,252.38709677419354
2000-05-21,253.3548387096774
2000-05-22,254.32258064516128
2000-05-23,255.29032258064515
2000-05-24,256.258064516129
2000-05-25,257.2258064516129
2000-05-26,258.19354838709677
2000-05-27,259.16129032258067
2000-05-28,260.1290322580645
2000-05-29,261.0967741935484
2000-05-30,262.06451612903226
2000-05-31,263.0322580645161
2000-06-01,264.0
2000-06-02,265.26666666666665
2000-06-03,266.53333333333336
2000-06-04,267.8
2000-06-05,269.06666666666666
2000-06-06,270.3333333333333
2000-06-07,271.6
2000-06-08,272.8666666666667
2000-06-09,274.1333333333333
2000-06-10,275.4
2000-06-11,276.6666666666667
2000-06-12,277.93333333333334
2000-06-13,279.2
2000-06-14,280.46666666666664
2000-06-15,281.73333333333335
2000-06-16,283.0
2000-06-17,284.26666666666665
2000-06-18,285.5333333333333
2000-06-19,286.8
2000-06-20,288.06666666666666
2000-06-21,289.3333333333333
2000-06-22,290.6
2000-06-23,291.8666666666667
2000-06-24,293.1333333333333
2000-06-25,294.4
2000-06-26,295.6666666666667
2000-06-27,296.93333333333334
2000-06-28,298.2
2000-06-29,299.4666666666667
2000-06-30,300.73333333333335
2000-07-01,302.0
2000-07-02,301.7096774193548
2000-07-03,301.4193548387097
2000-07-04,301.1290322580645
2000-07-05,300.83870967741933
2000-07-06,300.5483870967742
2000-07-07,300.258064516129
2000-07-08,299.96774193548384
2000-07-09,299.6774193548387
2000-07-10,299.38709677419354
2000-07-11,299.0967741935484
2000-07-12,298.80645161290323
2000-07-13,298.51612903225805
2000-07-14,298.2258064516129
2000-07-15,297.93548387096774
2000-07-16,297.64516129032256
2000-07-17,297.35483870967744
2000-07-18,297.06451612903226
2000-07-19,296.7741935483871
2000-07-20,296.48387096774195
2000-07-21,296.19354838709677
2000-07-22,295.9032258064516
2000-07-23,295.61290322580646
2000-07-24,295.3225806451613
2000-07-25,295.0322580645161
2000-07-26,294.741935483871
2000-07-27,294.4516129032258
2000-07-28,294.16129032258067
2000-07-29,293.8709677419355
2000-07-30,293.5806451612903
2000-07-31,293.2903225806452
2000-08-01,293.0
2000-08-02,291.9032258064516
2000-08-03,290.80645161290323
2000-08-04,289.7096774193548
2000-08-05,288.61290322580646
2000-08-06,287.51612903225805
2000-08-07,286.4193548387097
2000-08-08,285.3225806451613
2000-08-09,284.2258064516129
2000-08-10,283.1290322580645
2000-08-11,282.03225806451616
2000-08-12,280.93548387096774
2000-08-13,279.83870967741933
2000-08-14,278.741935483871
2000-08-15,277.64516129032256
2000-08-16,276.5483870967742
2000-08-17,275.4516129032258
2000-08-18,274.35483870967744
2000-08-19,273.258064516129
2000-08-20,272.16129032258067
2000-08-21,271.06451612903226
2000-08-22,269.9677419354839
2000-08-23,268.8709677419355
2000-08-24,267.7741935483871
2000-08-25,266.6774193548387
2000-08-26,265.5806451612903
2000-08-27,264.48387096774195
2000-08-28,263.38709677419354
2000-08-29,262.2903225806452
2000-08-30,261.19354838709677
2000-08-31,260.0967741935484
2000-09-01,259.0
2000-09-02,258.0
2000-09-03,257.0
2000-09-04,256.0
2000-09-05,255.0
2000-09-06,254.0
2000-09-07,253.0
2000-09-08,252.0
2000-09-09,251.0
2000-09-10,250.0
2000-09-11,249.0
2000-09-12,248.0
2000-09-13,247.0
2000-09-14,246.0
2000-09-15,245.0
2000-09-16,244.0
2000-09-17,243.0
2000-09-18,242.0
2000-09-19,241.0
2000-09-20,240.0
2000-09-21,239.0
2000-09-22,238.0
2000-09-23,237.0
2000-09-24,236.0
2000-09-25,235.0
2000-09-26,234.0
2000-09-27,233.0
2000-09-28,232.0
2000-09-29,231.0
2000-09-30,230.0
2000-10-01,229.0
2000-10-02,228.16129032258064
2000-10-03,227.32258064516128
2000-10-04,226.48387096774192
2000-10-05,225.6451612903226
2000-10-06,224.80645161290323
2000-10-07,223.96774193548387
2000-10-08,223.1290322580645
2000-10-09,222.29032258064515
2000-10-10,221.4516129032258
2000-10-11,220.61290322580646
2000-10-12,219.7741935483871
2000-10-13,218.93548387096774
2000-10-14,218.09677419354838
2000-10-15,217.25806451612902
2000-10-16,216.41935483870967
2000-10-17,215.58064516129033
2000-10-18,214.74193548387098
2000-10-19,213.90322580645162
2000-10-20,213.06451612903226
2000-10-21,212.2258064516129
2000-10-22,211.38709677419354
2000-10-23,210.5483870967742
2000-10-24,209.70967741935485
2000-10-25,208.8709677419355
2000-10-26,208.03225806451613
2000-10-27,207.19354838709677
2000-10-28,206.3548387096774
2000-10-29,205.51612903225805
2000-10-30,204.67741935483872
2000-10-31,203.83870967741936
2000-11-01,203.0
2000-11-02,203.86666666666667
2000-11-03,204.73333333333332
2000-11-04,205.6
2000-11-05,206.46666666666667
2000-11-06,207.33333333333334
2000-11-07,208.2
2000-11-08,209.06666666666666
2000-11-09,209.93333333333334
2000-11-10,210.8
2000-11-11,211.66666666666666
2000-11-12,212.53333333333333
2000-11-13,213.4
2000-11-14,214.26666666666668
2000-11-15,215.13333333333333
2000-11-16,216.0
2000-11-17,216.86666666666667
2000-11-18,217.73333333333335
2000-11-19,218.6
2000-11-20,219.46666666666667
2000-11-21,220.33333333333334
2000-11-22,221.2
2000-11-23,222.06666666666666
2000-11-24,222.93333333333334
2000-11-25,223.8
2000-11-26,224.66666666666666
2000-11-27,225.53333333333333
2000-11-28,226.4
2000-11-29,227.26666666666665
2000-11-30,228.13333333333333
2000-12-01,229.0
2000-12-02,229.41935483870967
2000-12-03,229.83870967741936
2000-12-04,230.25806451612902
2000-12-05,230.67741935483872
2000-12-06,231.09677419354838
2000-12-07,231.51612903225808
2000-12-08,231.93548387096774
2000-12-09,232.3548387096774
2000-12-10,232.7741935483871
2000-12-11,233.19354838709677
2000-12-12,233.61290322580646
2000-12-13,234.03225806451613
2000-12-14,234.4516129032258
2000-12-15,234.8709677419355
2000-12-16,235.29032258064515
2000-12-17,235.70967741935485
2000-12-18,236.1290322580645
2000-12-19,236.5483870967742
2000-12-20,236.96774193548387
2000-12-21,237.38709677419354
2000-12-22,237.80645161290323
2000-12-23,238.2258064516129
2000-12-24,238.6451612903226
2000-12-25,239.06451612903226
2000-12-26,239.48387096774195
2000-12-27,239.90322580645162
2000-12-28,240.32258064516128
2000-12-29,240.74193548387098
2000-12-30,241.16129032258064
2000-12-31,241.58064516129033
2001-01-01,242.0
2001-01-02,241.70967741935485
2001-01-03,241.41935483870967
2001-01-04,241.1290322580645
2001-01-05,240.83870967741936
2001-01-06,240.5483870967742
2001-01-07,240.25806451612902
2001-01-08,239.96774193548387
2001-01-09,239.67741935483872
2001-01-10,239.38709677419354
2001-01-11,239.09677419354838
2001-01-12,238.80645161290323
2001-01-13,238.51612903225805
2001-01-14,238.2258064516129
2001-01-15,237.93548387096774
2001-01-16,237.6451612903226
2001-01-17,237.3548387096774
2001-01-18,237.06451612903226
2001-01-19,236.7741935483871
2001-01-20,236.48387096774192
2001-01-21,236.19354838709677
2001-01-22,235.90322580645162
2001-01-23,235.61290322580646
2001-01-24,235.32258064516128
2001-01-25,235.03225806451613
2001-01-26,234.74193548387098
2001-01-27,234.4516129032258
2001-01-28,234.16129032258064
2001-01-29,233.8709677419355
2001-01-30,233.58064516129033
2001-01-31,233.29032258064515
2001-02-01,233.0
2001-02-02,234.21428571428572
2001-02-03,235.42857142857142
2001-02-04,236.64285714285714
2001-02-05,237.85714285714286
2001-02-06,239.07142857142858
2001-02-07,240.28571428571428
2001-02-08,241.5
2001-02-09,242.71428571428572
2001-02-10,243.92857142857142
2001-02-11,245.14285714285714
2001-02-12,246.35714285714286
2001-02-13,247.57142857142856
2001-02-14,248.78571428571428
2001-02-15,250.0
2001-02-16,251.21428571428572
2001-02-17,252.42857142857142
2001-02-18,253.64285714285714
2001-02-19,254.85714285714286
2001-02-20,256.07142857142856
2001-02-21,257.2857142857143
2001-02-22,258.5
2001-02-23,259.7142857142857
2001-02-24,260.92857142857144
2001-02-25,262.1428571428571
2001-02-26,263.35714285714283
2001-02-27,264.57142857142856
2001-02-28,265.7857142857143
2001-03-01,267.0
2001-03-02,267.06451612903226
2001-03-03,267.1290322580645
2001-03-04,267.19354838709677
2001-03-05,267.258064516129
2001-03-06,267.3225806451613
2001-03-07,267.38709677419354
2001-03-08,267.4516129032258
2001-03-09,267.51612903225805
2001-03-10,267.5806451612903
2001-03-11,267.64516129032256
2001-03-12,267.7096774193548
2001-03-13,267.7741935483871
2001-03-14,267.83870967741933
2001-03-15,267.9032258064516
2001-03-16,267.96774193548384
2001-03-17,268.03225806451616
2001-03-18,268.0967741935484
2001-03-19,268.16129032258067
2001-03-20,268.2258064516129
2001-03-21,268.2903225806452
2001-03-22,268.35483870967744
2001-03-23,268.4193548387097
2001-03-24,268.48387096774195
2001-03-25,268.5483870967742
2001-03-26,268.61290322580646
2001-03-27,268.6774193548387
2001-03-28,268.741935483871
2001-03-29,268.80645161290323
2001-03-30,268.8709677419355
2001-03-31,268.93548387096774
2001-04-01,269.0
2001-04-02,269.03333333333336
2001-04-03,269.06666666666666
2001-04-04,269.1
2001-04-05,269.1333333333333
2001-04-06,269.1666666666667
2001-04-07,269.2
2001-04-08,269.23333333333335
2001-04-09,269.26666666666665
2001-04-10,269.3
2001-04-11,269.3333333333333
2001-04-12,269.3666666666667
2001-04-13,269.4
2001-04-14,269.43333333333334
2001-04-15,269.46666666666664
2001-04-16,269.5
2001-04-17,269.53333333333336
2001-04-18,269.56666666666666
2001-04-19,269.6
2001-04-20,269.6333333333333
2001-04-21,269.6666666666667
2001-04-22,269.7
2001-04-23,269.73333333333335
2001-04-24,269.76666666666665
2001-04-25,269.8
2001-04-26,269.8333333333333
2001-04-27,269.8666666666667
2001-04-28,269.9
2001-04-29,269.93333333333334
2001-04-30,269.96666666666664
2001-05-01,270.0
2001-05-02,271.4516129032258
2001-05-03,272.9032258064516
2001-05-04,274.35483870967744
2001-05-05,275.80645161290323
2001-05-06,277.258064516129
2001-05-07,278.7096774193548
2001-05-08,280.16129032258067
2001-05-09,281.61290322580646
2001-05-10,283.06451612903226
2001-05-11,284.51612903225805
2001-05-12,285.9677419354839
2001-05-13,287.4193548387097
2001-05-14,288.8709677419355
2001-05-15,290.3225806451613
2001-05-16,291.7741935483871
2001-05-17,293.2258064516129
2001-05-18,294.6774193548387
2001-05-19,296.1290322580645
2001-05-20,297.5806451612903
2001-05-21,299.0322580645161
2001-05-22,300.48387096774195
2001-05-23,301.93548387096774
2001-05-24,303.38709677419354
2001-05-25,304.8387096774194
2001-05-26,306.2903225806452
2001-05-27,307.741935483871
2001-05-28,309.19354838709677
2001-05-29,310.64516129032256
2001-05-30,312.0967741935484
2001-05-31,313.5483870967742
2001-06-01,315.0
2001-06-02,316.6333333333333
2001-06-03,318.26666666666665
2001-06-04,319.9
2001-06-05,321.53333333333336
2001-06-06,323.1666666666667
2001-06-07,324.8
2001-06-08,326.43333333333334
2001-06-09,328.06666666666666
2001-06-10,329.7
2001-06-11,331.3333333333333
2001-06-12,332.96666666666664
2001-06-13,334.6
2001-06-14,336.23333333333335
2001-06-15,337.8666666666667
2001-06-16,339.5
2001-06-17,341.1333333333333
2001-06-18,342.76666666666665
2001-06-19,344.4
2001-06-20,346.0333333333333
2001-06-21,347.6666666666667
2001-06-22,349.3
2001-06-23,350.93333333333334
2001-06-24,352.56666666666666
2001-06-25,354.2
2001-06-26,355.8333333333333
2001-06-27,357.4666666666667
2001-06-28,359.1
2001-06-29,360.73333333333335
2001-06-30,362.3666666666667
2001-07-01,364.0
2001-07-02,363.4516129032258
2001-07-03,362.9032258064516
2001-07-04,362.35483870967744
2001-07-05,361.80645161290323
2001-07-06,361.258064516129
2001-07-07,360.7096774193548
2001-07-08,360.16129032258067
2001-07-09,359.61290322580646
2001-07-10,359.06451612903226
2001-07-11,358.51612903225805
2001-07-12,357.9677419354839
2001-07-13,357.4193548387097
2001-07-14,356.8709677419355
2001-07-15,356.3225806451613
2001-07-16,355.7741935483871
2001-07-17,355.2258064516129
2001-07-18,354.6774193548387
2001-07-19,354.1290322580645
2001-07-20,353.5806451612903
2001-07-21,353.03225806451616
2001-07-22,352.48387096774195
2001-07-23,351.93548387096774
2001-07-24,351.38709677419354
2001-07-25,350.83870967741933
2001-07-26,350.2903225806452
2001-07-27,349.741935483871
2001-07-28,349.19354838709677
2001-07-29,348.64516129032256
2001-07-30,348.0967741935484
2001-07-31,347.5483870967742
2001-08-01,347.0
2001-08-02,345.8709677419355
2001-08-03,344.741935483871
2001-08-04,343.61290322580646
2001-08-05,342.48387096774195
2001-08-06,341.35483870967744
2001-08-07,340.2258064516129
2001-08-08,339.0967741935484
2001-08-09,337.96774193548384
2001-08-10,336.83870967741933
2001-08-11,335.7096774193548
2001-08-12,334.5806451612903
2001-08-13,333.4516129032258
2001-08-14,332.3225806451613
2001-08-15,331.19354838709677
2001-08-16,330.06451612903226
2001-08-17,328.93548387096774
2001-08-18,327.80645161290323
2001-08-19,326.6774193548387
2001-08-20,325.5483870967742
2001-08-21,324.4193548387097
2001-08-22,323.2903225806452
2001-08-23,322.16129032258067
2001-08-24,321.0322580645161
2001-08-25,319.9032258064516
2001-08-26,318.7741935483871
2001-08-27,317.64516129032256
2001-08-28,316.51612903225805
2001-08-29,315.38709677419354
2001-08-30,314.258064516129
2001-08-31,313.1290322580645
2001-09-01,312.0
2001-09-02,310.73333333333335
2001-09-03,309.46666666666664
2001-09-04,308.2
2001-09-05,306.93333333333334
2001-09-06,305.6666666666667
2001-09-07,304.4
2001-09-08,303.1333333333333
2001-09-09,301.8666666666667
2001-09-10,300.6
2001-09-11,299.3333333333333
2001-09-12,298.06666666666666
2001-09-13,296.8
2001-09-14,295.53333333333336
2001-09-15,294.26666666666665
2001-09-16,293.0
2001-09-17,291.73333333333335
2001-09-18,290.4666666666667
2001-09-19,289.2
2001-09-20,287.93333333333334
2001-09-21,286.6666666666667
2001-09-22,285.4
2001-09-23,284.1333333333333
2001-09-24,282.8666666666667
2001-09-25,281.6
2001-09-26,280.3333333333333
2001-09-27,279.06666666666666
2001-09-28,277.8
2001-09-29,276.5333333333333
2001-09-30,275.26666666666665
2001-10-01,274.0
2001-10-02,272.80645161290323
2001-10-03,271.61290322580646
2001-10-04,270.4193548387097
2001-10-05,269.2258064516129
2001-10-06,268.03225806451616
2001-10-07,266.83870967741933
2001-10-08,265.64516129032256
2001-10-09,264.4516129032258
2001-10-10,263.258064516129
2001-10-11,262.06451612903226
2001-10-12,260.8709677419355
2001-10-13,259.6774193548387
2001-10-14,258.48387096774195
2001-10-15,257.2903225806452
2001-10-16,256.0967741935484
2001-10-17,254.90322580645162
2001-10-18,253.70967741935485
2001-10-19,252.51612903225805
2001-10-20,251.32258064516128
2001-10-21,250.1290322580645
2001-10-22,248.93548387096774
2001-10-23,247.74193548387098
2001-10-24,246.5483870967742
2001-10-25,245.3548387096774
2001-10-26,244.16129032258064
2001-10-27,242.96774193548387
2001-10-28,241.7741935483871
2001-10-29,240.5806451612903
2001-10-30,239.38709677419354
2001-10-31,238.19354838709677
2001-11-01,237.0
2001-11-02,238.36666666666667
2001-11-03,239.73333333333332
2001-11-04,241.1
2001-11-05,242.46666666666667
2001-11-06,243.83333333333334
2001-11-07,245.2
2001-11-08,246.56666666666666
2001-11-09,247.93333333333334
2001-11-10,249.3
2001-11-11,250.66666666666666
2001-11-12,252.03333333333333
2001-11-13,253.4
2001-11-14,254.76666666666665
2001-11-15,256.1333333333333
2001-11-16,257.5
2001-11-17,258.8666666666667
2001-11-18,260.23333333333335
2001-11-19,261.6
2001-11-20,262.9666666666667
2001-11-21,264.3333333333333
2001-11-22,265.7
2001-11-23,267.06666666666666
2001-11-24,268.43333333333334
2001-11-25,269.8
2001-11-26,271.1666666666667
2001-11-27,272.5333333333333
2001-11-28,273.9
2001-11-29,275.26666666666665
2001-11-30,276.6333333333333
2001-12-01,278.0
2001-12-02,278.19354838709677
2001-12-03,278.38709677419354
2001-12-04,278.5806451612903
2001-12-05,278.7741935483871
2001-12-06,278.96774193548384
2001-12-07,279.16129032258067
2001-12-08,279.35483870967744
2001-12-09,279.5483870967742
2001-12-10,279.741935483871
2001-12-11,279.93548387096774
2001-12-12,280.1290322580645
2001-12-13,280.3225806451613
2001-12-14,280.51612903225805
2001-12-15,280.7096774193548
2001-12-16,280.9032258064516
2001-12-17,281.0967741935484
2001-12-18,281.2903225806452
2001-12-19,281.48387096774195
2001-12-20,281.6774193548387
2001-12-21,281.8709677419355
2001-12-22,282.06451612903226
2001-12-23,282.258064516129
2001-12-24,282.4516129032258
2001-12-25,282.64516129032256
2001-12-26,282.83870967741933
2001-12-27,283.03225806451616
2001-12-28,283.2258064516129
2001-12-29,283.4193548387097
2001-12-30,283.61290322580646
2001-12-31,283.80645161290323
2002-01-01,284.0
2002-01-02,283.7741935483871
2002-01-03,283.5483870967742
2002-01-04,283.3225806451613
2002-01-05,283.0967741935484
2002-01-06,282.8709677419355
2002-01-07,282.64516129032256
2002-01-08,282.4193548387097
2002-01-09,282.19354838709677
2002-01-10,281.96774193548384
2002-01-11,281.741935483871
2002-01-12,281.51612903225805
2002-01-13,281.2903225806452
2002-01-14,281.06451612903226
2002-01-15,280.83870967741933
2002-01-16,280.61290322580646
2002-01-17,280.38709677419354
2002-01-18,280.16129032258067
2002-01-19,279.93548387096774
2002-01-20,279.7096774193548
2002-01-21,279.48387096774195
2002-01-22,279.258064516129
2002-01-23,279.03225806451616
2002-01-24,278.80645161290323
2002-01-25,278.5806451612903
2002-01-26,278.35483870967744
2002-01-27,278.1290322580645
2002-01-28,277.9032258064516
2002-01-29,277.6774193548387
2002-01-30,277.4516129032258
2002-01-31,277.2258064516129
2002-02-01,277.0
2002-02-02,278.42857142857144
2002-02-03,279.85714285714283
2002-02-04,281.2857142857143
2002-02-05,282.7142857142857
2002-02-06,284.14285714285717
2002-02-07,285.57142857142856
2002-02-08,287.0
2002-02-09,288.42857142857144
2002-02-10,289.85714285714283
2002-02-11,291.2857142857143
2002-02-12,292.7142857142857
2002-02-13,294.14285714285717
2002-02-14,295.57142857142856
2002-02-15,297.0
2002-02-16,298.42857142857144
2002-02-17,299.85714285714283
2002-02-18,301.2857142857143
2002-02-19,302.7142857142857
2002-02-20,304.14285714285717
2002-02-21,305.57142857142856
2002-02-22,307.0
2002-02-23,308.42857142857144
2002-02-24,309.8571428571429
2002-02-25,311.2857142857143
2002-02-26,312.7142857142857
2002-02-27,314.14285714285717
2002-02-28,315.57142857142856
2002-03-01,317.0
2002-03-02,316.8709677419355
2002-03-03,316.741935483871
2002-03-04,316.61290322580646
2002-03-05,316.48387096774195
2002-03-06,316.35483870967744
2002-03-07,316.2258064516129
2002-03-08,316.0967741935484
2002-03-09,315.96774193548384
2002-03-10,315.83870967741933
2002-03-11,315.7096774193548
2002-03-12,315.5806451612903
2002-03-13,315.4516129032258
2002-03-14,315.3225806451613
2002-03-15,315.19354838709677
2002-03-16,315.06451612903226
2002-03-17,314.93548387096774
2002-03-18,314.80645161290323
2002-03-19,314.6774193548387
2002-03-20,314.5483870967742
2002-03-21,314.4193548387097
2002-03-22,314.2903225806452
2002-03-23,314.16129032258067
2002-03-24,314.03225806451616
2002-03-25,313.9032258064516
2002-03-26,313.7741935483871
2002-03-27,313.64516129032256
2002-03-28,313.51612903225805
2002-03-29,313.38709677419354
2002-03-30,313.258064516129
2002-03-31,313.1290322580645
2002-04-01,313.0
2002-04-02,313.1666666666667
2002-04-03,313.3333333333333
2002-04-04,313.5
2002-04-05,313.6666666666667
2002-04-06,313.8333333333333
2002-04-07,314.0
2002-04-08,314.1666666666667
2002-04-09,314.3333333333333
2002-04-10,314.5
2002-04-11,314.6666666666667
2002-04-12,314.8333333333333
2002-04-13,315.0
2002-04-14,315.1666666666667
2002-04-15,315.3333333333333
2002-04-16,315.5
2002-04-17,315.6666666666667
2002-04-18,315.8333333333333
2002-04-19,316.0
2002-04-20,316.1666666666667
2002-04-21,316.3333333333333
2002-04-22,316.5
2002-04-23,316.6666666666667
2002-04-24,316.8333333333333
2002-04-25,317.0
2002-04-26,317.1666666666667
2002-04-27,317.3333333333333
2002-04-28,317.5
2002-04-29,317.6666666666667
2002-04-30,317.8333333333333
2002-05-01,318.0
2002-05-02,319.80645161290323
2002-05-03,321.61290322580646
2002-05-04,323.4193548387097
2002-05-05,325.2258064516129
2002-05-06,327.0322580645161
2002-05-07,328.83870967741933
2002-05-08,330.64516129032256
2002-05-09,332.4516129032258
2002-05-10,334.258064516129
2002-05-11,336.06451612903226
2002-05-12,337.8709677419355
2002-05-13,339.6774193548387
2002-05-14,341.48387096774195
2002-05-15,343.2903225806452
2002-05-16,345.0967741935484
2002-05-17,346.9032258064516
2002-05-18,348.7096774193548
2002-05-19,350.51612903225805
2002-05-20,352.3225806451613
2002-05-21,354.1290322580645
2002-05-22,355.93548387096774
2002-05-23,357.741935483871
2002-05-24,359.5483870967742
2002-05-25,361.35483870967744
2002-05-26,363.1612903225806
2002-05-27,364.9677419354839
2002-05-28,366.7741935483871
2002-05-29,368.5806451612903
2002-05-30,370.38709677419354
2002-05-31,372.19354838709677
2002-06-01,374.0
2002-06-02,375.3
2002-06-03,376.6
2002-06-04,377.9
2002-06-05,379.2
2002-06-06,380.5
2002-06-07,381.8
2002-06-08,383.1
2002-06-09,384.4
2002-06-10,385.7
2002-06-11,387.0
2002-06-12,388.3
2002-06-13,389.6
2002-06-14,390.9
2002-06-15,392.2
2002-06-16,393.5
2002-06-17,394.8
2002-06-18,396.1
2002-06-19,397.4
2002-06-20,398.7
2002-06-21,400.0
2002-06-22,401.3
2002-06-23,402.6
2002-06-24,403.9
2002-06-25,405.2
2002-06-26,406.5
2002-06-27,407.8
2002-06-28,409.1
2002-06-29,410.4
2002-06-30,411.7
2002-07-01,413.0
2002-07-02,412.741935483871
2002-07-03,412.48387096774195
2002-07-04,412.2258064516129
2002-07-05,411.96774193548384
2002-07-06,411.7096774193548
2002-07-07,411.4516129032258
2002-07-08,411.19354838709677
2002-07-09,410.93548387096774
2002-07-10,410.6774193548387
2002-07-11,410.4193548387097
2002-07-12,410.16129032258067
2002-07-13,409.9032258064516
2002-07-14,409.64516129032256
2002-07-15,409.38709677419354
2002-07-16,409.1290322580645
2002-07-17,408.8709677419355
2002-07-18,408.61290322580646
2002-07-19,408.35483870967744
2002-07-20,408.0967741935484
2002-07-21,407.83870967741933
2002-07-22,407.5806451612903
2002-07-23,407.3225806451613
2002-07-24,407.06451612903226
2002-07-25,406.80645161290323
2002-07-26,406.5483870967742
2002-07-27,406.2903225806452
2002-07-28,406.03225806451616
2002-07-29,405.7741935483871
2002-07-30,405.51612903225805
2002-07-31,405.258064516129
2002-08-01,405.0
2002-08-02,403.38709677419354
2002-08-03,401.7741935483871
2002-08-04,400.16129032258067
2002-08-05,398.5483870967742
2002-08-06,396.93548387096774
2002-08-07,395.3225806451613
2002-08-08,393.7096774193548
2002-08-09,392.0967741935484
2002-08-10,390.48387096774195
2002-08-11,388.8709677419355
2002-08-12,387.258064516129
2002-08-13,385.64516129032256
2002-08-14,384.03225806451616
2002-08-15,382.4193548387097
2002-08-16,380.80645161290323
2002-08-17,379.19354838709677
2002-08-18,377.5806451612903
2002-08-19,375.9677419354839
2002-08-20,374.35483870967744
2002-08-21,372.741935483871
2002-08-22,371.1290322580645
2002-08-23,369.51612903225805
2002-08-24,367.9032258064516
2002-08-25,366.2903225806452
2002-08-26,364.6774193548387
2002-08-27,363.06451612903226
2002-08-28,361.4516129032258
2002-08-29,359.8387096774194
2002-08-30,358.2258064516129
2002-08-31,356.61290322580646
2002-09-01,355.0
2002-09-02,353.3666666666667
2002-09-03,351.73333333333335
2002-09-04,350.1
2002-09-05,348.46666666666664
2002-09-06,346.8333333333333
2002-09-07,345.2
2002-09-08,343.56666666666666
2002-09-09,341.93333333333334
2002-09-10,340.3
2002-09-11,338.6666666666667
2002-09-12,337.03333333333336
2002-09-13,335.4
2002-09-14,333.76666666666665
2002-09-15,332.1333333333333
2002-09-16,330.5
2002-09-17,328.8666666666667
2002-09-18,327.23333333333335
2002-09-19,325.6
2002-09-20,323.9666666666667
2002-09-21,322.3333333333333
2002-09-22,320.7
2002-09-23,319.06666666666666
2002-09-24,317.43333333333334
2002-09-25,315.8
2002-09-26,314.1666666666667
2002-09-27,312.5333333333333
2002-09-28,310.9
2002-09-29,309.26666666666665
2002-09-30,307.6333333333333
2002-10-01,306.0
2002-10-02,304.8709677419355
2002-10-03,303.741935483871
2002-10-04,302.61290322580646
2002-10-05,301.48387096774195
2002-10-06,300.35483870967744
2002-10-07,299.2258064516129
2002-10-08,298.0967741935484
2002-10-09,296.96774193548384
2002-10-10,295.83870967741933
2002-10-11,294.7096774193548
2002-10-12,293.5806451612903
2002-10-13,292.4516129032258
2002-10-14,291.3225806451613
2002-10-15,290.19354838709677
2002-10-16,289.06451612903226
2002-10-17,287.93548387096774
2002-10-18,286.80645161290323
2002-10-19,285.6774193548387
2002-10-20,284.5483870967742
2002-10-21,283.4193548387097
2002-10-22,282.2903225806452
2002-10-23,281.16129032258067
2002-10-24,280.0322580645161
2002-10-25,278.9032258064516
2002-10-26,277.7741935483871
2002-10-27,276.64516129032256
2002-10-28,275.51612903225805
2002-10-29,274.38709677419354
2002-10-30,273.258064516129
2002-10-31,272.1290322580645
2002-11-01,271.0
2002-11-02,272.1666666666667
2002-11-03,273.3333333333333
2002-11-04,274.5
2002-11-05,275.6666666666667
2002-11-06,276.8333333333333
2002-11-07,278.0
2002-11-08,279.1666666666667
2002-11-09,280.3333333333333
2002-11-10,281.5
2002-11-11,282.6666666666667
2002-11-12,283.8333333333333
2002-11-13,285.0
2002-11-14,286.1666666666667
2002-11-15,287.3333333333333
2002-11-16,288.5
2002-11-17,289.6666666666667
2002-11-18,290.8333333333333
2002-11-19,292.0
2002-11-20,293.1666666666667
2002-11-21,294.3333333333333
2002-11-22,295.5
2002-11-23,296.6666666666667
2002-11-24,297.8333333333333
2002-11-25,299.0
2002-11-26,300.1666666666667
2002-11-27,301.3333333333333
2002-11-28,302.5
2002-11-29,303.6666666666667
2002-11-30,304.8333333333333
2002-12-01,306.0
